"agent_id","name","contact_number","email"
"1","Sarah Parker","9998887771","sarah@example.com"
"2","Tom Anderson","8887776662","null"
"3","Lisa Brooks","7776665553","lisa@example.com"
"4","Kevin Ramirez","6665554444","kevin@example.com"
"5","Angela Stewart","5554443335","angela@example.com"
"6","Jack Mitchell","4443332226","null"
"7","Sophia Foster","3332221117","sophia@example.com"
"8","Ethan Reed","2221110008","ethan@example.com"
"9","Hannah Scott","1110009999","null"
"10","Dylan Carter","9998880","dylan@example.com"
